source_file,slice_key,probability,predicted_label,output_file,error
/Users/ran/cs/oires/data/processed/slice/2000.csv/SOHO-EPHIN/2000-11-08T11-50-00.csv,2000-11-08_11-50,0.662,1,/Users/ran/cs/6850/project/oneoutput/slimtsf/historical_event_centric/release_2000-11-08_11-50.json,
/Users/ran/cs/oires/data/processed/slice/2001.csv/SOHO-EPHIN/2001-12-30T09-20-00.csv,2001-12-30_09-20,0.584,1,/Users/ran/cs/6850/project/oneoutput/slimtsf/historical_event_centric/release_2001-12-30_09-20.json,
/Users/ran/cs/oires/data/processed/slice/2017.csv/SOHO-EPHIN/2017-09-10T04-45-00.csv,2017-09-10_04-45,0.662,1,/Users/ran/cs/6850/project/oneoutput/slimtsf/historical_event_centric/release_2017-09-10_04-45.json,
/Users/ran/cs/oires/data/processed/slice/g05_eps_5m_19860201_19860228.csv/GOES-g05/1986-02-05T23-00-00.csv,,,-1,,"Missing selected features for /Users/ran/cs/oires/data/processed/slice/g05_eps_5m_19860201_19860228.csv/GOES-g05/1986-02-05T23-00-00.csv: ['gt8__interval_count', 'gt8__slope__pool_mean', 'gt8__global_slope', 'gt8__global_std']"
/Users/ran/cs/oires/data/processed/slice/g05_eps_5m_19860201_19860228.csv/GOES-g05/1986-02-14T02-20-00.csv,,,-1,,"Missing selected features for /Users/ran/cs/oires/data/processed/slice/g05_eps_5m_19860201_19860228.csv/GOES-g05/1986-02-14T02-20-00.csv: ['gt8__interval_count', 'gt8__slope__pool_mean', 'gt8__global_slope', 'gt8__global_std']"
/Users/ran/cs/oires/data/processed/slice/g05_eps_5m_19860301_19860331.csv/GOES-g05/1986-03-06T06-25-00.csv,,,-1,,"Missing selected features for /Users/ran/cs/oires/data/processed/slice/g05_eps_5m_19860301_19860331.csv/GOES-g05/1986-03-06T06-25-00.csv: ['gt8__interval_count', 'gt8__slope__pool_mean', 'gt8__global_slope', 'gt8__global_std']"
/Users/ran/cs/oires/data/processed/slice/g05_eps_5m_19860501_19860531.csv/GOES-g05/1986-05-04T01-00-00.csv,,,-1,,"Missing selected features for /Users/ran/cs/oires/data/processed/slice/g05_eps_5m_19860501_19860531.csv/GOES-g05/1986-05-04T01-00-00.csv: ['gt8__interval_count', 'gt8__slope__pool_mean', 'gt8__global_slope', 'gt8__global_std']"
/Users/ran/cs/oires/data/processed/slice/g06_eps_5m_19880101_19880131.csv/GOES-g06/1988-01-02T15-55-00.csv,,,-1,,"Missing selected features for /Users/ran/cs/oires/data/processed/slice/g06_eps_5m_19880101_19880131.csv/GOES-g06/1988-01-02T15-55-00.csv: ['gt8__interval_count', 'gt8__slope__pool_mean', 'gt8__global_slope', 'gt8__global_std']"
/Users/ran/cs/oires/data/processed/slice/g06_eps_5m_19891001_19891031.csv/GOES-g06/1989-10-19T01-10-00.csv,,,-1,,"Missing selected features for /Users/ran/cs/oires/data/processed/slice/g06_eps_5m_19891001_19891031.csv/GOES-g06/1989-10-19T01-10-00.csv: ['gt8__interval_count', 'gt8__slope__pool_mean', 'gt8__global_slope', 'gt8__global_std']"
/Users/ran/cs/oires/data/processed/slice/g06_eps_5m_19920601_19920630.csv/GOES-g06/1992-06-25T08-45-00.csv,,,-1,,"Missing selected features for /Users/ran/cs/oires/data/processed/slice/g06_eps_5m_19920601_19920630.csv/GOES-g06/1992-06-25T08-45-00.csv: ['gt8__interval_count', 'gt8__slope__pool_mean', 'gt8__global_slope', 'gt8__global_std']"
/Users/ran/cs/oires/data/processed/slice/g07_eps_5m_19880301_19880331.csv/GOES-g07/1988-03-25T10-50-00.csv,,,-1,,"Missing selected features for /Users/ran/cs/oires/data/processed/slice/g07_eps_5m_19880301_19880331.csv/GOES-g07/1988-03-25T10-50-00.csv: ['gt8__interval_count', 'gt8__slope__pool_mean', 'gt8__global_slope', 'gt8__global_std']"
/Users/ran/cs/oires/data/processed/slice/g07_eps_5m_19890301_19890331.csv/GOES-g07/1989-03-17T07-00-00.csv,,,-1,,"Missing selected features for /Users/ran/cs/oires/data/processed/slice/g07_eps_5m_19890301_19890331.csv/GOES-g07/1989-03-17T07-00-00.csv: ['gt8__interval_count', 'gt8__slope__pool_mean', 'gt8__global_slope', 'gt8__global_std']"
/Users/ran/cs/oires/data/processed/slice/g07_eps_5m_19890301_19890331.csv/GOES-g07/1989-03-23T08-55-00.csv,,,-1,,"Missing selected features for /Users/ran/cs/oires/data/processed/slice/g07_eps_5m_19890301_19890331.csv/GOES-g07/1989-03-23T08-55-00.csv: ['gt8__interval_count', 'gt8__slope__pool_mean', 'gt8__global_slope', 'gt8__global_std']"
/Users/ran/cs/oires/data/processed/slice/g07_eps_5m_19890701_19890731.csv/GOES-g07/1989-07-24T21-35-00.csv,,,-1,,"Missing selected features for /Users/ran/cs/oires/data/processed/slice/g07_eps_5m_19890701_19890731.csv/GOES-g07/1989-07-24T21-35-00.csv: ['gt8__interval_count', 'gt8__slope__pool_mean', 'gt8__global_slope', 'gt8__global_std']"
/Users/ran/cs/oires/data/processed/slice/g07_eps_5m_19890801_19890831.csv/GOES-g07/1989-08-12T04-20-00.csv,,,-1,,"Missing selected features for /Users/ran/cs/oires/data/processed/slice/g07_eps_5m_19890801_19890831.csv/GOES-g07/1989-08-12T04-20-00.csv: ['gt8__interval_count', 'gt8__slope__pool_mean', 'gt8__global_slope', 'gt8__global_std']"
/Users/ran/cs/oires/data/processed/slice/g07_eps_5m_19890901_19890930.csv/GOES-g07/1989-09-29T00-00-00.csv,,,-1,,"Missing selected features for /Users/ran/cs/oires/data/processed/slice/g07_eps_5m_19890901_19890930.csv/GOES-g07/1989-09-29T00-00-00.csv: ['gt8__interval_count', 'gt8__slope__pool_mean', 'gt8__global_slope', 'gt8__global_std']"
/Users/ran/cs/oires/data/processed/slice/g07_eps_5m_19891001_19891031.csv/GOES-g07/1989-10-19T01-10-00.csv,,,-1,,"Missing selected features for /Users/ran/cs/oires/data/processed/slice/g07_eps_5m_19891001_19891031.csv/GOES-g07/1989-10-19T01-10-00.csv: ['gt8__interval_count', 'gt8__slope__pool_mean', 'gt8__global_slope', 'gt8__global_std']"
/Users/ran/cs/oires/data/processed/slice/g07_eps_5m_19891001_19891031.csv/GOES-g07/1989-10-28T18-20-00.csv,,,-1,,"Missing selected features for /Users/ran/cs/oires/data/processed/slice/g07_eps_5m_19891001_19891031.csv/GOES-g07/1989-10-28T18-20-00.csv: ['gt8__interval_count', 'gt8__slope__pool_mean', 'gt8__global_slope', 'gt8__global_std']"
/Users/ran/cs/oires/data/processed/slice/g07_eps_5m_19891101_19891130.csv/GOES-g07/1989-11-14T19-55-00.csv,,,-1,,"Missing selected features for /Users/ran/cs/oires/data/processed/slice/g07_eps_5m_19891101_19891130.csv/GOES-g07/1989-11-14T19-55-00.csv: ['gt8__interval_count', 'gt8__slope__pool_mean', 'gt8__global_slope', 'gt8__global_std']"
/Users/ran/cs/oires/data/processed/slice/g07_eps_5m_19891101_19891130.csv/GOES-g07/1989-11-27T09-40-00.csv,,,-1,,"Missing selected features for /Users/ran/cs/oires/data/processed/slice/g07_eps_5m_19891101_19891130.csv/GOES-g07/1989-11-27T09-40-00.csv: ['gt8__interval_count', 'gt8__slope__pool_mean', 'gt8__global_slope', 'gt8__global_std']"
/Users/ran/cs/oires/data/processed/slice/g07_eps_5m_19900301_19900331.csv/GOES-g07/1990-03-18T19-55-00.csv,,,-1,,"Missing selected features for /Users/ran/cs/oires/data/processed/slice/g07_eps_5m_19900301_19900331.csv/GOES-g07/1990-03-18T19-55-00.csv: ['gt8__interval_count', 'gt8__slope__pool_mean', 'gt8__global_slope', 'gt8__global_std']"
/Users/ran/cs/oires/data/processed/slice/g07_eps_5m_19900401_19900430.csv/GOES-g07/1990-04-16T17-00-00.csv,,,-1,,"Missing selected features for /Users/ran/cs/oires/data/processed/slice/g07_eps_5m_19900401_19900430.csv/GOES-g07/1990-04-16T17-00-00.csv: ['gt8__interval_count', 'gt8__slope__pool_mean', 'gt8__global_slope', 'gt8__global_std']"
/Users/ran/cs/oires/data/processed/slice/g07_eps_5m_19900401_19900430.csv/GOES-g07/1990-04-27T22-05-00.csv,,,-1,,"Missing selected features for /Users/ran/cs/oires/data/processed/slice/g07_eps_5m_19900401_19900430.csv/GOES-g07/1990-04-27T22-05-00.csv: ['gt8__interval_count', 'gt8__slope__pool_mean', 'gt8__global_slope', 'gt8__global_std']"
/Users/ran/cs/oires/data/processed/slice/g07_eps_5m_19900501_19900531.csv/GOES-g07/1990-05-21T11-55-00.csv,,,-1,,"Missing selected features for /Users/ran/cs/oires/data/processed/slice/g07_eps_5m_19900501_19900531.csv/GOES-g07/1990-05-21T11-55-00.csv: ['gt8__interval_count', 'gt8__slope__pool_mean', 'gt8__global_slope', 'gt8__global_std']"
/Users/ran/cs/oires/data/processed/slice/g07_eps_5m_19900501_19900531.csv/GOES-g07/1990-05-24T09-25-00.csv,,,-1,,"Missing selected features for /Users/ran/cs/oires/data/processed/slice/g07_eps_5m_19900501_19900531.csv/GOES-g07/1990-05-24T09-25-00.csv: ['gt8__interval_count', 'gt8__slope__pool_mean', 'gt8__global_slope', 'gt8__global_std']"
/Users/ran/cs/oires/data/processed/slice/g07_eps_5m_19900601_19900630.csv/GOES-g07/1990-06-11T23-40-00.csv,,,-1,,"Missing selected features for /Users/ran/cs/oires/data/processed/slice/g07_eps_5m_19900601_19900630.csv/GOES-g07/1990-06-11T23-40-00.csv: ['gt8__interval_count', 'gt8__slope__pool_mean', 'gt8__global_slope', 'gt8__global_std']"
/Users/ran/cs/oires/data/processed/slice/g07_eps_5m_19900701_19900731.csv/GOES-g07/1990-07-26T01-30-00.csv,,,-1,,"Missing selected features for /Users/ran/cs/oires/data/processed/slice/g07_eps_5m_19900701_19900731.csv/GOES-g07/1990-07-26T01-30-00.csv: ['gt8__interval_count', 'gt8__slope__pool_mean', 'gt8__global_slope', 'gt8__global_std']"
/Users/ran/cs/oires/data/processed/slice/g07_eps_5m_19910101_19910131.csv/GOES-g07/1991-01-30T23-30-00.csv,,,-1,,"Missing selected features for /Users/ran/cs/oires/data/processed/slice/g07_eps_5m_19910101_19910131.csv/GOES-g07/1991-01-30T23-30-00.csv: ['gt8__interval_count', 'gt8__slope__pool_mean', 'gt8__global_slope', 'gt8__global_std']"
/Users/ran/cs/oires/data/processed/slice/g07_eps_5m_19910301_19910331.csv/GOES-g07/1991-03-22T20-20-00.csv,,,-1,,"Missing selected features for /Users/ran/cs/oires/data/processed/slice/g07_eps_5m_19910301_19910331.csv/GOES-g07/1991-03-22T20-20-00.csv: ['gt8__interval_count', 'gt8__slope__pool_mean', 'gt8__global_slope', 'gt8__global_std']"
/Users/ran/cs/oires/data/processed/slice/g07_eps_5m_19910401_19910430.csv/GOES-g07/1991-04-02T20-15-00.csv,,,-1,,"Missing selected features for /Users/ran/cs/oires/data/processed/slice/g07_eps_5m_19910401_19910430.csv/GOES-g07/1991-04-02T20-15-00.csv: ['gt8__interval_count', 'gt8__slope__pool_mean', 'gt8__global_slope', 'gt8__global_std']"
/Users/ran/cs/oires/data/processed/slice/g07_eps_5m_19910501_19910531.csv/GOES-g07/1991-05-12T15-00-00.csv,,,-1,,"Missing selected features for /Users/ran/cs/oires/data/processed/slice/g07_eps_5m_19910501_19910531.csv/GOES-g07/1991-05-12T15-00-00.csv: ['gt8__interval_count', 'gt8__slope__pool_mean', 'gt8__global_slope', 'gt8__global_std']"
/Users/ran/cs/oires/data/processed/slice/g07_eps_5m_19910601_19910630.csv/GOES-g07/1991-06-02T04-40-00.csv,,,-1,,"Missing selected features for /Users/ran/cs/oires/data/processed/slice/g07_eps_5m_19910601_19910630.csv/GOES-g07/1991-06-02T04-40-00.csv: ['gt8__interval_count', 'gt8__slope__pool_mean', 'gt8__global_slope', 'gt8__global_std']"
/Users/ran/cs/oires/data/processed/slice/g07_eps_5m_19910601_19910630.csv/GOES-g07/1991-06-04T01-30-00.csv,,,-1,,"Missing selected features for /Users/ran/cs/oires/data/processed/slice/g07_eps_5m_19910601_19910630.csv/GOES-g07/1991-06-04T01-30-00.csv: ['gt8__interval_count', 'gt8__slope__pool_mean', 'gt8__global_slope', 'gt8__global_std']"
/Users/ran/cs/oires/data/processed/slice/g07_eps_5m_19910601_19910630.csv/GOES-g07/1991-06-10T14-50-00.csv,,,-1,,"Missing selected features for /Users/ran/cs/oires/data/processed/slice/g07_eps_5m_19910601_19910630.csv/GOES-g07/1991-06-10T14-50-00.csv: ['gt8__interval_count', 'gt8__slope__pool_mean', 'gt8__global_slope', 'gt8__global_std']"
/Users/ran/cs/oires/data/processed/slice/g07_eps_5m_19910601_19910630.csv/GOES-g07/1991-06-29T17-55-00.csv,,,-1,,"Missing selected features for /Users/ran/cs/oires/data/processed/slice/g07_eps_5m_19910601_19910630.csv/GOES-g07/1991-06-29T17-55-00.csv: ['gt8__interval_count', 'gt8__slope__pool_mean', 'gt8__global_slope', 'gt8__global_std']"
/Users/ran/cs/oires/data/processed/slice/g07_eps_5m_19910701_19910731.csv/GOES-g07/1991-07-06T16-55-00.csv,,,-1,,"Missing selected features for /Users/ran/cs/oires/data/processed/slice/g07_eps_5m_19910701_19910731.csv/GOES-g07/1991-07-06T16-55-00.csv: ['gt8__interval_count', 'gt8__slope__pool_mean', 'gt8__global_slope', 'gt8__global_std']"
/Users/ran/cs/oires/data/processed/slice/g07_eps_5m_19910701_19910731.csv/GOES-g07/1991-07-10T14-30-00.csv,,,-1,,"Missing selected features for /Users/ran/cs/oires/data/processed/slice/g07_eps_5m_19910701_19910731.csv/GOES-g07/1991-07-10T14-30-00.csv: ['gt8__interval_count', 'gt8__slope__pool_mean', 'gt8__global_slope', 'gt8__global_std']"
/Users/ran/cs/oires/data/processed/slice/g07_eps_5m_19911001_19911031.csv/GOES-g07/1991-10-28T01-00-00.csv,,,-1,,"Missing selected features for /Users/ran/cs/oires/data/processed/slice/g07_eps_5m_19911001_19911031.csv/GOES-g07/1991-10-28T01-00-00.csv: ['gt8__interval_count', 'gt8__slope__pool_mean', 'gt8__global_slope', 'gt8__global_std']"
/Users/ran/cs/oires/data/processed/slice/g07_eps_5m_19911001_19911031.csv/GOES-g07/1991-10-29T19-45-00.csv,,,-1,,"Missing selected features for /Users/ran/cs/oires/data/processed/slice/g07_eps_5m_19911001_19911031.csv/GOES-g07/1991-10-29T19-45-00.csv: ['gt8__interval_count', 'gt8__slope__pool_mean', 'gt8__global_slope', 'gt8__global_std']"
/Users/ran/cs/oires/data/processed/slice/g07_eps_5m_19920201_19920229.csv/GOES-g07/1992-02-06T18-45-00.csv,,,-1,,"Missing selected features for /Users/ran/cs/oires/data/processed/slice/g07_eps_5m_19920201_19920229.csv/GOES-g07/1992-02-06T18-45-00.csv: ['gt8__interval_count', 'gt8__slope__pool_mean', 'gt8__global_slope', 'gt8__global_std']"
/Users/ran/cs/oires/data/processed/slice/g07_eps_5m_19920601_19920630.csv/GOES-g07/1992-06-25T08-45-00.csv,,,-1,,"Missing selected features for /Users/ran/cs/oires/data/processed/slice/g07_eps_5m_19920601_19920630.csv/GOES-g07/1992-06-25T08-45-00.csv: ['gt8__interval_count', 'gt8__slope__pool_mean', 'gt8__global_slope', 'gt8__global_std']"
/Users/ran/cs/oires/data/processed/slice/g07_eps_5m_19921001_19921031.csv/GOES-g07/1992-10-30T07-20-00.csv,,,-1,,"Missing selected features for /Users/ran/cs/oires/data/processed/slice/g07_eps_5m_19921001_19921031.csv/GOES-g07/1992-10-30T07-20-00.csv: ['gt8__interval_count', 'gt8__slope__pool_mean', 'gt8__global_slope', 'gt8__global_std']"
/Users/ran/cs/oires/data/processed/slice/g07_eps_5m_19930301_19930331.csv/GOES-g07/1993-03-12T08-10-00.csv,,,-1,,"Missing selected features for /Users/ran/cs/oires/data/processed/slice/g07_eps_5m_19930301_19930331.csv/GOES-g07/1993-03-12T08-10-00.csv: ['gt8__interval_count', 'gt8__slope__pool_mean', 'gt8__global_slope', 'gt8__global_std']"
/Users/ran/cs/oires/data/processed/slice/g07_eps_5m_19940201_19940228.csv/GOES-g07/1994-02-19T15-05-00.csv,,,-1,,"Missing selected features for /Users/ran/cs/oires/data/processed/slice/g07_eps_5m_19940201_19940228.csv/GOES-g07/1994-02-19T15-05-00.csv: ['gt8__interval_count', 'gt8__slope__pool_mean', 'gt8__global_slope', 'gt8__global_std']"
/Users/ran/cs/oires/data/processed/slice/g07_eps_5m_19941001_19941031.csv/GOES-g07/1994-10-19T12-30-00.csv,,,-1,,"Missing selected features for /Users/ran/cs/oires/data/processed/slice/g07_eps_5m_19941001_19941031.csv/GOES-g07/1994-10-19T12-30-00.csv: ['gt8__interval_count', 'gt8__slope__pool_mean', 'gt8__global_slope', 'gt8__global_std']"
/Users/ran/cs/oires/data/processed/slice/g08_eps_5m_19951001_19951031.csv/GOES-g08/1995-10-19T20-25-00.csv,,,-1,,"Missing selected features for /Users/ran/cs/oires/data/processed/slice/g08_eps_5m_19951001_19951031.csv/GOES-g08/1995-10-19T20-25-00.csv: ['gt8__interval_count', 'gt8__slope__pool_mean', 'gt8__global_slope', 'gt8__global_std']"
/Users/ran/cs/oires/data/processed/slice/g08_eps_5m_19971101_19971130.csv/GOES-g08/1997-11-03T20-30-00.csv,,,-1,,"Missing selected features for /Users/ran/cs/oires/data/processed/slice/g08_eps_5m_19971101_19971130.csv/GOES-g08/1997-11-03T20-30-00.csv: ['gt8__interval_count', 'gt8__slope__pool_mean', 'gt8__global_slope', 'gt8__global_std']"
/Users/ran/cs/oires/data/processed/slice/g08_eps_5m_19971101_19971130.csv/GOES-g08/1997-11-06T01-05-00.csv,,,-1,,"Missing selected features for /Users/ran/cs/oires/data/processed/slice/g08_eps_5m_19971101_19971130.csv/GOES-g08/1997-11-06T01-05-00.csv: ['gt8__interval_count', 'gt8__slope__pool_mean', 'gt8__global_slope', 'gt8__global_std']"
/Users/ran/cs/oires/data/processed/slice/g08_eps_5m_19980401_19980430.csv/GOES-g08/1998-04-20T02-05-00.csv,,,-1,,"Missing selected features for /Users/ran/cs/oires/data/processed/slice/g08_eps_5m_19980401_19980430.csv/GOES-g08/1998-04-20T02-05-00.csv: ['gt8__interval_count', 'gt8__slope__pool_mean', 'gt8__global_slope', 'gt8__global_std']"
/Users/ran/cs/oires/data/processed/slice/g08_eps_5m_19980501_19980531.csv/GOES-g08/1998-05-05T20-40-00.csv,,,-1,,"Missing selected features for /Users/ran/cs/oires/data/processed/slice/g08_eps_5m_19980501_19980531.csv/GOES-g08/1998-05-05T20-40-00.csv: ['gt8__interval_count', 'gt8__slope__pool_mean', 'gt8__global_slope', 'gt8__global_std']"
/Users/ran/cs/oires/data/processed/slice/g08_eps_5m_19980801_19980831.csv/GOES-g08/1998-08-24T11-55-00.csv,,,-1,,"Missing selected features for /Users/ran/cs/oires/data/processed/slice/g08_eps_5m_19980801_19980831.csv/GOES-g08/1998-08-24T11-55-00.csv: ['gt8__interval_count', 'gt8__slope__pool_mean', 'gt8__global_slope', 'gt8__global_std']"
/Users/ran/cs/oires/data/processed/slice/g08_eps_5m_19980901_19980930.csv/GOES-g08/1998-09-30T03-20-00.csv,,,-1,,"Missing selected features for /Users/ran/cs/oires/data/processed/slice/g08_eps_5m_19980901_19980930.csv/GOES-g08/1998-09-30T03-20-00.csv: ['gt8__interval_count', 'gt8__slope__pool_mean', 'gt8__global_slope', 'gt8__global_std']"
/Users/ran/cs/oires/data/processed/slice/g08_eps_5m_19981101_19981130.csv/GOES-g08/1998-11-13T20-10-00.csv,,,-1,,"Missing selected features for /Users/ran/cs/oires/data/processed/slice/g08_eps_5m_19981101_19981130.csv/GOES-g08/1998-11-13T20-10-00.csv: ['gt8__interval_count', 'gt8__slope__pool_mean', 'gt8__global_slope', 'gt8__global_std']"
/Users/ran/cs/oires/data/processed/slice/g08_eps_5m_19990501_19990531.csv/GOES-g08/1999-05-05T06-20-00.csv,,,-1,,"Missing selected features for /Users/ran/cs/oires/data/processed/slice/g08_eps_5m_19990501_19990531.csv/GOES-g08/1999-05-05T06-20-00.csv: ['gt8__interval_count', 'gt8__slope__pool_mean', 'gt8__global_slope', 'gt8__global_std']"
/Users/ran/cs/oires/data/processed/slice/g08_eps_5m_19990601_19990630.csv/GOES-g08/1999-06-03T21-25-00.csv,,,-1,,"Missing selected features for /Users/ran/cs/oires/data/processed/slice/g08_eps_5m_19990601_19990630.csv/GOES-g08/1999-06-03T21-25-00.csv: ['gt8__interval_count', 'gt8__slope__pool_mean', 'gt8__global_slope', 'gt8__global_std']"
/Users/ran/cs/oires/data/processed/slice/g08_eps_5m_20000601_20000630.csv/GOES-g08/2000-06-10T06-05-00.csv,,,-1,,"Missing selected features for /Users/ran/cs/oires/data/processed/slice/g08_eps_5m_20000601_20000630.csv/GOES-g08/2000-06-10T06-05-00.csv: ['gt8__interval_count', 'gt8__slope__pool_mean', 'gt8__global_slope', 'gt8__global_std']"
/Users/ran/cs/oires/data/processed/slice/g08_eps_5m_20000701_20000731.csv/GOES-g08/2000-07-13T22-45-00.csv,,,-1,,"Missing selected features for /Users/ran/cs/oires/data/processed/slice/g08_eps_5m_20000701_20000731.csv/GOES-g08/2000-07-13T22-45-00.csv: ['gt8__interval_count', 'gt8__slope__pool_mean', 'gt8__global_slope', 'gt8__global_std']"
/Users/ran/cs/oires/data/processed/slice/g08_eps_5m_20000701_20000731.csv/GOES-g08/2000-07-22T01-20-00.csv,,,-1,,"Missing selected features for /Users/ran/cs/oires/data/processed/slice/g08_eps_5m_20000701_20000731.csv/GOES-g08/2000-07-22T01-20-00.csv: ['gt8__interval_count', 'gt8__slope__pool_mean', 'gt8__global_slope', 'gt8__global_std']"
/Users/ran/cs/oires/data/processed/slice/g08_eps_5m_20001001_20001031.csv/GOES-g08/2000-10-25T12-40-00.csv,,,-1,,"Missing selected features for /Users/ran/cs/oires/data/processed/slice/g08_eps_5m_20001001_20001031.csv/GOES-g08/2000-10-25T12-40-00.csv: ['gt8__interval_count', 'gt8__slope__pool_mean', 'gt8__global_slope', 'gt8__global_std']"
/Users/ran/cs/oires/data/processed/slice/g08_eps_5m_20001101_20001130.csv/GOES-g08/2000-11-08T11-50-00.csv,,,-1,,"Missing selected features for /Users/ran/cs/oires/data/processed/slice/g08_eps_5m_20001101_20001130.csv/GOES-g08/2000-11-08T11-50-00.csv: ['gt8__interval_count', 'gt8__slope__pool_mean', 'gt8__global_slope', 'gt8__global_std']"
/Users/ran/cs/oires/data/processed/slice/g08_eps_5m_20001101_20001130.csv/GOES-g08/2000-11-24T03-20-00.csv,,,-1,,"Missing selected features for /Users/ran/cs/oires/data/processed/slice/g08_eps_5m_20001101_20001130.csv/GOES-g08/2000-11-24T03-20-00.csv: ['gt8__interval_count', 'gt8__slope__pool_mean', 'gt8__global_slope', 'gt8__global_std']"
/Users/ran/cs/oires/data/processed/slice/g08_eps_5m_20010101_20010131.csv/GOES-g08/2001-01-28T08-25-00.csv,,,-1,,"Missing selected features for /Users/ran/cs/oires/data/processed/slice/g08_eps_5m_20010101_20010131.csv/GOES-g08/2001-01-28T08-25-00.csv: ['gt8__interval_count', 'gt8__slope__pool_mean', 'gt8__global_slope', 'gt8__global_std']"
/Users/ran/cs/oires/data/processed/slice/g08_eps_5m_20010401_20010430.csv/GOES-g08/2001-04-02T11-40-00.csv,,,-1,,"Missing selected features for /Users/ran/cs/oires/data/processed/slice/g08_eps_5m_20010401_20010430.csv/GOES-g08/2001-04-02T11-40-00.csv: ['gt8__interval_count', 'gt8__slope__pool_mean', 'gt8__global_slope', 'gt8__global_std']"
/Users/ran/cs/oires/data/processed/slice/g08_eps_5m_20010401_20010430.csv/GOES-g08/2001-04-09T20-50-00.csv,,,-1,,"Missing selected features for /Users/ran/cs/oires/data/processed/slice/g08_eps_5m_20010401_20010430.csv/GOES-g08/2001-04-09T20-50-00.csv: ['gt8__interval_count', 'gt8__slope__pool_mean', 'gt8__global_slope', 'gt8__global_std']"
/Users/ran/cs/oires/data/processed/slice/g08_eps_5m_20010401_20010430.csv/GOES-g08/2001-04-15T02-10-00.csv,,,-1,,"Missing selected features for /Users/ran/cs/oires/data/processed/slice/g08_eps_5m_20010401_20010430.csv/GOES-g08/2001-04-15T02-10-00.csv: ['gt8__interval_count', 'gt8__slope__pool_mean', 'gt8__global_slope', 'gt8__global_std']"
/Users/ran/cs/oires/data/processed/slice/g08_eps_5m_20010401_20010430.csv/GOES-g08/2001-04-17T15-15-00.csv,,,-1,,"Missing selected features for /Users/ran/cs/oires/data/processed/slice/g08_eps_5m_20010401_20010430.csv/GOES-g08/2001-04-17T15-15-00.csv: ['gt8__interval_count', 'gt8__slope__pool_mean', 'gt8__global_slope', 'gt8__global_std']"
/Users/ran/cs/oires/data/processed/slice/g08_eps_5m_20010801_20010831.csv/GOES-g08/2001-08-15T13-35-00.csv,,,-1,,"Missing selected features for /Users/ran/cs/oires/data/processed/slice/g08_eps_5m_20010801_20010831.csv/GOES-g08/2001-08-15T13-35-00.csv: ['gt8__interval_count', 'gt8__slope__pool_mean', 'gt8__global_slope', 'gt8__global_std']"
/Users/ran/cs/oires/data/processed/slice/g08_eps_5m_20010901_20010930.csv/GOES-g08/2001-09-24T00-15-00.csv,,,-1,,"Missing selected features for /Users/ran/cs/oires/data/processed/slice/g08_eps_5m_20010901_20010930.csv/GOES-g08/2001-09-24T00-15-00.csv: ['gt8__interval_count', 'gt8__slope__pool_mean', 'gt8__global_slope', 'gt8__global_std']"
/Users/ran/cs/oires/data/processed/slice/g08_eps_5m_20011101_20011130.csv/GOES-g08/2001-11-04T05-05-00.csv,,,-1,,"Missing selected features for /Users/ran/cs/oires/data/processed/slice/g08_eps_5m_20011101_20011130.csv/GOES-g08/2001-11-04T05-05-00.csv: ['gt8__interval_count', 'gt8__slope__pool_mean', 'gt8__global_slope', 'gt8__global_std']"
/Users/ran/cs/oires/data/processed/slice/g08_eps_5m_20011101_20011130.csv/GOES-g08/2001-11-22T11-20-00.csv,,,-1,,"Missing selected features for /Users/ran/cs/oires/data/processed/slice/g08_eps_5m_20011101_20011130.csv/GOES-g08/2001-11-22T11-20-00.csv: ['gt8__interval_count', 'gt8__slope__pool_mean', 'gt8__global_slope', 'gt8__global_std']"
/Users/ran/cs/oires/data/processed/slice/g08_eps_5m_20011201_20011231.csv/GOES-g08/2001-12-25T18-05-00.csv,,,-1,,"Missing selected features for /Users/ran/cs/oires/data/processed/slice/g08_eps_5m_20011201_20011231.csv/GOES-g08/2001-12-25T18-05-00.csv: ['gt8__interval_count', 'gt8__slope__pool_mean', 'gt8__global_slope', 'gt8__global_std']"
/Users/ran/cs/oires/data/processed/slice/g08_eps_5m_20011201_20011231.csv/GOES-g08/2001-12-28T17-10-00.csv,,,-1,,"Missing selected features for /Users/ran/cs/oires/data/processed/slice/g08_eps_5m_20011201_20011231.csv/GOES-g08/2001-12-28T17-10-00.csv: ['gt8__interval_count', 'gt8__slope__pool_mean', 'gt8__global_slope', 'gt8__global_std']"
/Users/ran/cs/oires/data/processed/slice/g08_eps_5m_20011201_20011231.csv/GOES-g08/2001-12-30T09-20-00.csv,,,-1,,"Missing selected features for /Users/ran/cs/oires/data/processed/slice/g08_eps_5m_20011201_20011231.csv/GOES-g08/2001-12-30T09-20-00.csv: ['gt8__interval_count', 'gt8__slope__pool_mean', 'gt8__global_slope', 'gt8__global_std']"
/Users/ran/cs/oires/data/processed/slice/g08_eps_5m_20020301_20020331.csv/GOES-g08/2002-03-20T03-10-00.csv,,,-1,,"Missing selected features for /Users/ran/cs/oires/data/processed/slice/g08_eps_5m_20020301_20020331.csv/GOES-g08/2002-03-20T03-10-00.csv: ['gt8__interval_count', 'gt8__slope__pool_mean', 'gt8__global_slope', 'gt8__global_std']"
/Users/ran/cs/oires/data/processed/slice/g08_eps_5m_20020301_20020331.csv/GOES-g08/2002-03-22T08-20-00.csv,,,-1,,"Missing selected features for /Users/ran/cs/oires/data/processed/slice/g08_eps_5m_20020301_20020331.csv/GOES-g08/2002-03-22T08-20-00.csv: ['gt8__interval_count', 'gt8__slope__pool_mean', 'gt8__global_slope', 'gt8__global_std']"
/Users/ran/cs/oires/data/processed/slice/g08_eps_5m_20020401_20020430.csv/GOES-g08/2002-04-17T03-30-00.csv,,,-1,,"Missing selected features for /Users/ran/cs/oires/data/processed/slice/g08_eps_5m_20020401_20020430.csv/GOES-g08/2002-04-17T03-30-00.csv: ['gt8__interval_count', 'gt8__slope__pool_mean', 'gt8__global_slope', 'gt8__global_std']"
/Users/ran/cs/oires/data/processed/slice/g08_eps_5m_20020401_20020430.csv/GOES-g08/2002-04-20T14-25-00.csv,,,-1,,"Missing selected features for /Users/ran/cs/oires/data/processed/slice/g08_eps_5m_20020401_20020430.csv/GOES-g08/2002-04-20T14-25-00.csv: ['gt8__interval_count', 'gt8__slope__pool_mean', 'gt8__global_slope', 'gt8__global_std']"
/Users/ran/cs/oires/data/processed/slice/g08_eps_5m_20020701_20020731.csv/GOES-g08/2002-07-16T05-50-00.csv,,,-1,,"Missing selected features for /Users/ran/cs/oires/data/processed/slice/g08_eps_5m_20020701_20020731.csv/GOES-g08/2002-07-16T05-50-00.csv: ['gt8__interval_count', 'gt8__slope__pool_mean', 'gt8__global_slope', 'gt8__global_std']"
/Users/ran/cs/oires/data/processed/slice/g08_eps_5m_20020701_20020731.csv/GOES-g08/2002-07-21T18-25-00.csv,,,-1,,"Missing selected features for /Users/ran/cs/oires/data/processed/slice/g08_eps_5m_20020701_20020731.csv/GOES-g08/2002-07-21T18-25-00.csv: ['gt8__interval_count', 'gt8__slope__pool_mean', 'gt8__global_slope', 'gt8__global_std']"
/Users/ran/cs/oires/data/processed/slice/g08_eps_5m_20020801_20020831.csv/GOES-g08/2002-08-23T13-40-00.csv,,,-1,,"Missing selected features for /Users/ran/cs/oires/data/processed/slice/g08_eps_5m_20020801_20020831.csv/GOES-g08/2002-08-23T13-40-00.csv: ['gt8__interval_count', 'gt8__slope__pool_mean', 'gt8__global_slope', 'gt8__global_std']"
/Users/ran/cs/oires/data/processed/slice/g09_eps_5m_19971101_19971130.csv/GOES-g09/1997-11-06T01-05-00.csv,,,-1,,"Missing selected features for /Users/ran/cs/oires/data/processed/slice/g09_eps_5m_19971101_19971130.csv/GOES-g09/1997-11-06T01-05-00.csv: ['gt8__interval_count', 'gt8__slope__pool_mean', 'gt8__global_slope', 'gt8__global_std']"
/Users/ran/cs/oires/data/processed/slice/g10_eps_5m_19981101_19981130.csv/GOES-g10/1998-11-13T20-10-00.csv,,,-1,,"Missing selected features for /Users/ran/cs/oires/data/processed/slice/g10_eps_5m_19981101_19981130.csv/GOES-g10/1998-11-13T20-10-00.csv: ['gt8__interval_count', 'gt8__slope__pool_mean', 'gt8__global_slope', 'gt8__global_std']"
/Users/ran/cs/oires/data/processed/slice/g10_eps_5m_20001101_20001130.csv/GOES-g10/2000-11-08T11-50-00.csv,,,-1,,"Missing selected features for /Users/ran/cs/oires/data/processed/slice/g10_eps_5m_20001101_20001130.csv/GOES-g10/2000-11-08T11-50-00.csv: ['gt8__interval_count', 'gt8__slope__pool_mean', 'gt8__global_slope', 'gt8__global_std']"
/Users/ran/cs/oires/data/processed/slice/g10_eps_5m_20010401_20010430.csv/GOES-g10/2001-04-15T02-10-00.csv,,,-1,,"Missing selected features for /Users/ran/cs/oires/data/processed/slice/g10_eps_5m_20010401_20010430.csv/GOES-g10/2001-04-15T02-10-00.csv: ['gt8__interval_count', 'gt8__slope__pool_mean', 'gt8__global_slope', 'gt8__global_std']"
/Users/ran/cs/oires/data/processed/slice/g10_eps_5m_20011101_20011130.csv/GOES-g10/2001-11-04T05-05-00.csv,,,-1,,"Missing selected features for /Users/ran/cs/oires/data/processed/slice/g10_eps_5m_20011101_20011130.csv/GOES-g10/2001-11-04T05-05-00.csv: ['gt8__interval_count', 'gt8__slope__pool_mean', 'gt8__global_slope', 'gt8__global_std']"
/Users/ran/cs/oires/data/processed/slice/g10_eps_5m_20020801_20020831.csv/GOES-g10/2002-08-23T13-40-00.csv,,,-1,,"Missing selected features for /Users/ran/cs/oires/data/processed/slice/g10_eps_5m_20020801_20020831.csv/GOES-g10/2002-08-23T13-40-00.csv: ['gt8__interval_count', 'gt8__slope__pool_mean', 'gt8__global_slope', 'gt8__global_std']"
/Users/ran/cs/oires/data/processed/slice/g11_eps_5m_20000701_20000731.csv/GOES-g11/2000-07-13T22-45-00.csv,,,-1,,"Missing selected features for /Users/ran/cs/oires/data/processed/slice/g11_eps_5m_20000701_20000731.csv/GOES-g11/2000-07-13T22-45-00.csv: ['gt8__interval_count', 'gt8__slope__pool_mean', 'gt8__global_slope', 'gt8__global_std']"
/Users/ran/cs/oires/data/processed/slice/g11_eps_5m_20001001_20001031.csv/GOES-g11/2000-10-15T23-25-00.csv,,,-1,,"Missing selected features for /Users/ran/cs/oires/data/processed/slice/g11_eps_5m_20001001_20001031.csv/GOES-g11/2000-10-15T23-25-00.csv: ['gt8__interval_count', 'gt8__slope__pool_mean', 'gt8__global_slope', 'gt8__global_std']"
/Users/ran/cs/oires/data/processed/slice/g11_eps_5m_20001101_20001130.csv/GOES-g11/2000-11-08T11-50-00.csv,,,-1,,"Missing selected features for /Users/ran/cs/oires/data/processed/slice/g11_eps_5m_20001101_20001130.csv/GOES-g11/2000-11-08T11-50-00.csv: ['gt8__interval_count', 'gt8__slope__pool_mean', 'gt8__global_slope', 'gt8__global_std']"
/Users/ran/cs/oires/data/processed/slice/g11_eps_5m_20010401_20010430.csv/GOES-g11/2001-04-15T02-10-00.csv,,,-1,,"Missing selected features for /Users/ran/cs/oires/data/processed/slice/g11_eps_5m_20010401_20010430.csv/GOES-g11/2001-04-15T02-10-00.csv: ['gt8__interval_count', 'gt8__slope__pool_mean', 'gt8__global_slope', 'gt8__global_std']"
/Users/ran/cs/oires/data/processed/slice/g11_eps_5m_20010801_20010831.csv/GOES-g11/2001-08-15T13-35-00.csv,,,-1,,"Missing selected features for /Users/ran/cs/oires/data/processed/slice/g11_eps_5m_20010801_20010831.csv/GOES-g11/2001-08-15T13-35-00.csv: ['gt8__interval_count', 'gt8__slope__pool_mean', 'gt8__global_slope', 'gt8__global_std']"
/Users/ran/cs/oires/data/processed/slice/g11_eps_5m_20031001_20031031.csv/GOES-g11/2003-10-26T06-25-00.csv,,,-1,,"Missing selected features for /Users/ran/cs/oires/data/processed/slice/g11_eps_5m_20031001_20031031.csv/GOES-g11/2003-10-26T06-25-00.csv: ['gt8__interval_count', 'gt8__slope__pool_mean', 'gt8__global_slope', 'gt8__global_std']"
/Users/ran/cs/oires/data/processed/slice/g11_eps_5m_20031001_20031031.csv/GOES-g11/2003-10-28T00-15-00.csv,,,-1,,"Missing selected features for /Users/ran/cs/oires/data/processed/slice/g11_eps_5m_20031001_20031031.csv/GOES-g11/2003-10-28T00-15-00.csv: ['gt8__interval_count', 'gt8__slope__pool_mean', 'gt8__global_slope', 'gt8__global_std']"
/Users/ran/cs/oires/data/processed/slice/g11_eps_5m_20031101_20031130.csv/GOES-g11/2003-11-01T22-55-00.csv,,,-1,,"Missing selected features for /Users/ran/cs/oires/data/processed/slice/g11_eps_5m_20031101_20031130.csv/GOES-g11/2003-11-01T22-55-00.csv: ['gt8__interval_count', 'gt8__slope__pool_mean', 'gt8__global_slope', 'gt8__global_std']"
/Users/ran/cs/oires/data/processed/slice/g11_eps_5m_20031101_20031130.csv/GOES-g11/2003-11-21T09-45-00.csv,,,-1,,"Missing selected features for /Users/ran/cs/oires/data/processed/slice/g11_eps_5m_20031101_20031130.csv/GOES-g11/2003-11-21T09-45-00.csv: ['gt8__interval_count', 'gt8__slope__pool_mean', 'gt8__global_slope', 'gt8__global_std']"
/Users/ran/cs/oires/data/processed/slice/g11_eps_5m_20040701_20040731.csv/GOES-g11/2004-07-25T06-25-00.csv,,,-1,,"Missing selected features for /Users/ran/cs/oires/data/processed/slice/g11_eps_5m_20040701_20040731.csv/GOES-g11/2004-07-25T06-25-00.csv: ['gt8__interval_count', 'gt8__slope__pool_mean', 'gt8__global_slope', 'gt8__global_std']"
/Users/ran/cs/oires/data/processed/slice/g11_eps_5m_20040901_20040930.csv/GOES-g11/2004-09-13T09-05-00.csv,,,-1,,"Missing selected features for /Users/ran/cs/oires/data/processed/slice/g11_eps_5m_20040901_20040930.csv/GOES-g11/2004-09-13T09-05-00.csv: ['gt8__interval_count', 'gt8__slope__pool_mean', 'gt8__global_slope', 'gt8__global_std']"
/Users/ran/cs/oires/data/processed/slice/g11_eps_5m_20040901_20040930.csv/GOES-g11/2004-09-19T07-25-00.csv,,,-1,,"Missing selected features for /Users/ran/cs/oires/data/processed/slice/g11_eps_5m_20040901_20040930.csv/GOES-g11/2004-09-19T07-25-00.csv: ['gt8__interval_count', 'gt8__slope__pool_mean', 'gt8__global_slope', 'gt8__global_std']"
/Users/ran/cs/oires/data/processed/slice/g11_eps_5m_20041101_20041130.csv/GOES-g11/2004-10-31T18-55-00.csv,,,-1,,"Missing selected features for /Users/ran/cs/oires/data/processed/slice/g11_eps_5m_20041101_20041130.csv/GOES-g11/2004-10-31T18-55-00.csv: ['gt8__interval_count', 'gt8__slope__pool_mean', 'gt8__global_slope', 'gt8__global_std']"
/Users/ran/cs/oires/data/processed/slice/g11_eps_5m_20050601_20050630.csv/GOES-g11/2005-06-16T10-00-00.csv,,,-1,,"Missing selected features for /Users/ran/cs/oires/data/processed/slice/g11_eps_5m_20050601_20050630.csv/GOES-g11/2005-06-16T10-00-00.csv: ['gt8__interval_count', 'gt8__slope__pool_mean', 'gt8__global_slope', 'gt8__global_std']"
/Users/ran/cs/oires/data/processed/slice/g11_eps_5m_20050701_20050731.csv/GOES-g11/2005-07-17T05-35-00.csv,,,-1,,"Missing selected features for /Users/ran/cs/oires/data/processed/slice/g11_eps_5m_20050701_20050731.csv/GOES-g11/2005-07-17T05-35-00.csv: ['gt8__interval_count', 'gt8__slope__pool_mean', 'gt8__global_slope', 'gt8__global_std']"
/Users/ran/cs/oires/data/processed/slice/g11_eps_5m_20061201_20061231.csv/GOES-g11/2006-12-06T03-55-00.csv,,,-1,,"Missing selected features for /Users/ran/cs/oires/data/processed/slice/g11_eps_5m_20061201_20061231.csv/GOES-g11/2006-12-06T03-55-00.csv: ['gt8__interval_count', 'gt8__slope__pool_mean', 'gt8__global_slope', 'gt8__global_std']"
/Users/ran/cs/oires/data/processed/slice/g11_eps_5m_20061201_20061231.csv/GOES-g11/2006-12-12T15-10-00.csv,,,-1,,"Missing selected features for /Users/ran/cs/oires/data/processed/slice/g11_eps_5m_20061201_20061231.csv/GOES-g11/2006-12-12T15-10-00.csv: ['gt8__interval_count', 'gt8__slope__pool_mean', 'gt8__global_slope', 'gt8__global_std']"
/Users/ran/cs/oires/data/processed/slice/g11_eps_5m_20061201_20061231.csv/GOES-g11/2006-12-14T10-55-00.csv,,,-1,,"Missing selected features for /Users/ran/cs/oires/data/processed/slice/g11_eps_5m_20061201_20061231.csv/GOES-g11/2006-12-14T10-55-00.csv: ['gt8__interval_count', 'gt8__slope__pool_mean', 'gt8__global_slope', 'gt8__global_std']"
/Users/ran/cs/oires/data/processed/slice/g13_epead_cpflux_5m_20061201_20061231.csv/GOES-g13/2006-12-12T15-10-00.csv,,,-1,,"Missing selected features for /Users/ran/cs/oires/data/processed/slice/g13_epead_cpflux_5m_20061201_20061231.csv/GOES-g13/2006-12-12T15-10-00.csv: ['gt8__interval_count', 'gt8__slope__pool_mean', 'gt8__global_slope', 'gt8__global_std']"
/Users/ran/cs/oires/data/processed/slice/g13_epead_cpflux_5m_20110601_20110630.csv/GOES-g13/2011-06-06T20-05-00.csv,,,-1,,"Missing selected features for /Users/ran/cs/oires/data/processed/slice/g13_epead_cpflux_5m_20110601_20110630.csv/GOES-g13/2011-06-06T20-05-00.csv: ['gt8__interval_count', 'gt8__slope__pool_mean', 'gt8__global_slope', 'gt8__global_std']"
/Users/ran/cs/oires/data/processed/slice/g13_epead_cpflux_5m_20110801_20110831.csv/GOES-g13/2011-08-03T18-35-00.csv,,,-1,,"Missing selected features for /Users/ran/cs/oires/data/processed/slice/g13_epead_cpflux_5m_20110801_20110831.csv/GOES-g13/2011-08-03T18-35-00.csv: ['gt8__interval_count', 'gt8__slope__pool_mean', 'gt8__global_slope', 'gt8__global_std']"
/Users/ran/cs/oires/data/processed/slice/g13_epead_cpflux_5m_20110801_20110831.csv/GOES-g13/2011-08-08T20-45-00.csv,,,-1,,"Missing selected features for /Users/ran/cs/oires/data/processed/slice/g13_epead_cpflux_5m_20110801_20110831.csv/GOES-g13/2011-08-08T20-45-00.csv: ['gt8__interval_count', 'gt8__slope__pool_mean', 'gt8__global_slope', 'gt8__global_std']"
/Users/ran/cs/oires/data/processed/slice/g13_epead_cpflux_5m_20111101_20111130.csv/GOES-g13/2011-11-25T23-25-00.csv,,,-1,,"Missing selected features for /Users/ran/cs/oires/data/processed/slice/g13_epead_cpflux_5m_20111101_20111130.csv/GOES-g13/2011-11-25T23-25-00.csv: ['gt8__interval_count', 'gt8__slope__pool_mean', 'gt8__global_slope', 'gt8__global_std']"
/Users/ran/cs/oires/data/processed/slice/g13_epead_cpflux_5m_20120101_20120131.csv/GOES-g13/2012-01-22T17-30-00.csv,,,-1,,"Missing selected features for /Users/ran/cs/oires/data/processed/slice/g13_epead_cpflux_5m_20120101_20120131.csv/GOES-g13/2012-01-22T17-30-00.csv: ['gt8__interval_count', 'gt8__slope__pool_mean', 'gt8__global_slope', 'gt8__global_std']"
/Users/ran/cs/oires/data/processed/slice/g13_epead_cpflux_5m_20120101_20120131.csv/GOES-g13/2012-01-27T07-05-00.csv,,,-1,,"Missing selected features for /Users/ran/cs/oires/data/processed/slice/g13_epead_cpflux_5m_20120101_20120131.csv/GOES-g13/2012-01-27T07-05-00.csv: ['gt8__interval_count', 'gt8__slope__pool_mean', 'gt8__global_slope', 'gt8__global_std']"
/Users/ran/cs/oires/data/processed/slice/g13_epead_cpflux_5m_20120301_20120331.csv/GOES-g13/2012-03-06T17-00-00.csv,,,-1,,"Missing selected features for /Users/ran/cs/oires/data/processed/slice/g13_epead_cpflux_5m_20120301_20120331.csv/GOES-g13/2012-03-06T17-00-00.csv: ['gt8__interval_count', 'gt8__slope__pool_mean', 'gt8__global_slope', 'gt8__global_std']"
/Users/ran/cs/oires/data/processed/slice/g13_epead_cpflux_5m_20120301_20120331.csv/GOES-g13/2012-03-13T06-10-00.csv,,,-1,,"Missing selected features for /Users/ran/cs/oires/data/processed/slice/g13_epead_cpflux_5m_20120301_20120331.csv/GOES-g13/2012-03-13T06-10-00.csv: ['gt8__interval_count', 'gt8__slope__pool_mean', 'gt8__global_slope', 'gt8__global_std']"
/Users/ran/cs/oires/data/processed/slice/g13_epead_cpflux_5m_20120601_20120630.csv/GOES-g13/2012-06-16T07-25-00.csv,,,-1,,"Missing selected features for /Users/ran/cs/oires/data/processed/slice/g13_epead_cpflux_5m_20120601_20120630.csv/GOES-g13/2012-06-16T07-25-00.csv: ['gt8__interval_count', 'gt8__slope__pool_mean', 'gt8__global_slope', 'gt8__global_std']"
/Users/ran/cs/oires/data/processed/slice/g13_epead_cpflux_5m_20120701_20120731.csv/GOES-g13/2012-07-06T16-00-00.csv,,,-1,,"Missing selected features for /Users/ran/cs/oires/data/processed/slice/g13_epead_cpflux_5m_20120701_20120731.csv/GOES-g13/2012-07-06T16-00-00.csv: ['gt8__interval_count', 'gt8__slope__pool_mean', 'gt8__global_slope', 'gt8__global_std']"
/Users/ran/cs/oires/data/processed/slice/g13_epead_cpflux_5m_20120701_20120731.csv/GOES-g13/2012-07-12T06-35-00.csv,,,-1,,"Missing selected features for /Users/ran/cs/oires/data/processed/slice/g13_epead_cpflux_5m_20120701_20120731.csv/GOES-g13/2012-07-12T06-35-00.csv: ['gt8__interval_count', 'gt8__slope__pool_mean', 'gt8__global_slope', 'gt8__global_std']"
/Users/ran/cs/oires/data/processed/slice/g13_epead_cpflux_5m_20120701_20120731.csv/GOES-g13/2012-07-17T05-05-00.csv,,,-1,,"Missing selected features for /Users/ran/cs/oires/data/processed/slice/g13_epead_cpflux_5m_20120701_20120731.csv/GOES-g13/2012-07-17T05-05-00.csv: ['gt8__interval_count', 'gt8__slope__pool_mean', 'gt8__global_slope', 'gt8__global_std']"
/Users/ran/cs/oires/data/processed/slice/g13_epead_cpflux_5m_20120901_20120930.csv/GOES-g13/2012-09-01T01-35-00.csv,,,-1,,"Missing selected features for /Users/ran/cs/oires/data/processed/slice/g13_epead_cpflux_5m_20120901_20120930.csv/GOES-g13/2012-09-01T01-35-00.csv: ['gt8__interval_count', 'gt8__slope__pool_mean', 'gt8__global_slope', 'gt8__global_std']"
/Users/ran/cs/oires/data/processed/slice/g13_epead_cpflux_5m_20120901_20120930.csv/GOES-g13/2012-09-27T15-00-00.csv,,,-1,,"Missing selected features for /Users/ran/cs/oires/data/processed/slice/g13_epead_cpflux_5m_20120901_20120930.csv/GOES-g13/2012-09-27T15-00-00.csv: ['gt8__interval_count', 'gt8__slope__pool_mean', 'gt8__global_slope', 'gt8__global_std']"
/Users/ran/cs/oires/data/processed/slice/g13_epead_cpflux_5m_20130301_20130331.csv/GOES-g13/2013-03-16T07-05-00.csv,,,-1,,"Missing selected features for /Users/ran/cs/oires/data/processed/slice/g13_epead_cpflux_5m_20130301_20130331.csv/GOES-g13/2013-03-16T07-05-00.csv: ['gt8__interval_count', 'gt8__slope__pool_mean', 'gt8__global_slope', 'gt8__global_std']"
/Users/ran/cs/oires/data/processed/slice/g13_epead_cpflux_5m_20130601_20130630.csv/GOES-g13/2013-06-23T08-10-00.csv,,,-1,,"Missing selected features for /Users/ran/cs/oires/data/processed/slice/g13_epead_cpflux_5m_20130601_20130630.csv/GOES-g13/2013-06-23T08-10-00.csv: ['gt8__interval_count', 'gt8__slope__pool_mean', 'gt8__global_slope', 'gt8__global_std']"
/Users/ran/cs/oires/data/processed/slice/g13_epead_cpflux_5m_20130901_20130930.csv/GOES-g13/2013-09-29T17-05-00.csv,,,-1,,"Missing selected features for /Users/ran/cs/oires/data/processed/slice/g13_epead_cpflux_5m_20130901_20130930.csv/GOES-g13/2013-09-29T17-05-00.csv: ['gt8__interval_count', 'gt8__slope__pool_mean', 'gt8__global_slope', 'gt8__global_std']"
/Users/ran/cs/oires/data/processed/slice/g13_epead_cpflux_5m_20131201_20131231.csv/GOES-g13/2013-12-28T09-50-00.csv,,,-1,,"Missing selected features for /Users/ran/cs/oires/data/processed/slice/g13_epead_cpflux_5m_20131201_20131231.csv/GOES-g13/2013-12-28T09-50-00.csv: ['gt8__interval_count', 'gt8__slope__pool_mean', 'gt8__global_slope', 'gt8__global_std']"
/Users/ran/cs/oires/data/processed/slice/g13_epead_cpflux_5m_20140101_20140131.csv/GOES-g13/2014-01-05T21-15-00.csv,,,-1,,"Missing selected features for /Users/ran/cs/oires/data/processed/slice/g13_epead_cpflux_5m_20140101_20140131.csv/GOES-g13/2014-01-05T21-15-00.csv: ['gt8__interval_count', 'gt8__slope__pool_mean', 'gt8__global_slope', 'gt8__global_std']"
/Users/ran/cs/oires/data/processed/slice/g13_epead_cpflux_5m_20140401_20140430.csv/GOES-g13/2014-04-18T03-25-00.csv,,,-1,,"Missing selected features for /Users/ran/cs/oires/data/processed/slice/g13_epead_cpflux_5m_20140401_20140430.csv/GOES-g13/2014-04-18T03-25-00.csv: ['gt8__interval_count', 'gt8__slope__pool_mean', 'gt8__global_slope', 'gt8__global_std']"
/Users/ran/cs/oires/data/processed/slice/g13_epead_cpflux_5m_20140901_20140930.csv/GOES-g13/2014-09-10T14-40-00.csv,,,-1,,"Missing selected features for /Users/ran/cs/oires/data/processed/slice/g13_epead_cpflux_5m_20140901_20140930.csv/GOES-g13/2014-09-10T14-40-00.csv: ['gt8__interval_count', 'gt8__slope__pool_mean', 'gt8__global_slope', 'gt8__global_std']"
/Users/ran/cs/oires/data/processed/slice/g13_epead_cpflux_5m_20150601_20150630.csv/GOES-g13/2015-06-21T08-35-00.csv,,,-1,,"Missing selected features for /Users/ran/cs/oires/data/processed/slice/g13_epead_cpflux_5m_20150601_20150630.csv/GOES-g13/2015-06-21T08-35-00.csv: ['gt8__interval_count', 'gt8__slope__pool_mean', 'gt8__global_slope', 'gt8__global_std']"
/Users/ran/cs/oires/data/processed/slice/g13_epead_cpflux_5m_20151001_20151031.csv/GOES-g13/2015-10-28T17-50-00.csv,,,-1,,"Missing selected features for /Users/ran/cs/oires/data/processed/slice/g13_epead_cpflux_5m_20151001_20151031.csv/GOES-g13/2015-10-28T17-50-00.csv: ['gt8__interval_count', 'gt8__slope__pool_mean', 'gt8__global_slope', 'gt8__global_std']"
/Users/ran/cs/oires/data/processed/slice/g13_epead_cpflux_5m_20160101_20160131.csv/GOES-g13/2016-01-01T16-30-00.csv,,,-1,,"Missing selected features for /Users/ran/cs/oires/data/processed/slice/g13_epead_cpflux_5m_20160101_20160131.csv/GOES-g13/2016-01-01T16-30-00.csv: ['gt8__interval_count', 'gt8__slope__pool_mean', 'gt8__global_slope', 'gt8__global_std']"
/Users/ran/cs/oires/data/processed/slice/g13_epead_cpflux_5m_20170701_20170731.csv/GOES-g13/2017-07-13T21-00-00.csv,,,-1,,"Missing selected features for /Users/ran/cs/oires/data/processed/slice/g13_epead_cpflux_5m_20170701_20170731.csv/GOES-g13/2017-07-13T21-00-00.csv: ['gt8__interval_count', 'gt8__slope__pool_mean', 'gt8__global_slope', 'gt8__global_std']"
/Users/ran/cs/oires/data/processed/slice/g13_epead_cpflux_5m_20170901_20170930.csv/GOES-g13/2017-09-10T04-45-00.csv,,,-1,,"Missing selected features for /Users/ran/cs/oires/data/processed/slice/g13_epead_cpflux_5m_20170901_20170930.csv/GOES-g13/2017-09-10T04-45-00.csv: ['gt8__interval_count', 'gt8__slope__pool_mean', 'gt8__global_slope', 'gt8__global_std']"
/Users/ran/cs/oires/data/processed/slice/g15_epead_cpflux_5m_20111101_20111130.csv/GOES-g15/2011-11-25T23-25-00.csv,,,-1,,"Missing selected features for /Users/ran/cs/oires/data/processed/slice/g15_epead_cpflux_5m_20111101_20111130.csv/GOES-g15/2011-11-25T23-25-00.csv: ['gt8__interval_count', 'gt8__slope__pool_mean', 'gt8__global_slope', 'gt8__global_std']"
/Users/ran/cs/oires/data/processed/slice/g15_epead_cpflux_5m_20120101_20120131.csv/GOES-g15/2012-01-27T07-05-00.csv,,,-1,,"Missing selected features for /Users/ran/cs/oires/data/processed/slice/g15_epead_cpflux_5m_20120101_20120131.csv/GOES-g15/2012-01-27T07-05-00.csv: ['gt8__interval_count', 'gt8__slope__pool_mean', 'gt8__global_slope', 'gt8__global_std']"
/Users/ran/cs/oires/data/processed/slice/g15_epead_cpflux_5m_20120501_20120531.csv/GOES-g15/2012-05-16T14-15-00.csv,,,-1,,"Missing selected features for /Users/ran/cs/oires/data/processed/slice/g15_epead_cpflux_5m_20120501_20120531.csv/GOES-g15/2012-05-16T14-15-00.csv: ['gt8__interval_count', 'gt8__slope__pool_mean', 'gt8__global_slope', 'gt8__global_std']"
/Users/ran/cs/oires/data/processed/slice/g15_epead_cpflux_5m_20120701_20120731.csv/GOES-g15/2012-07-08T13-10-00.csv,,,-1,,"Missing selected features for /Users/ran/cs/oires/data/processed/slice/g15_epead_cpflux_5m_20120701_20120731.csv/GOES-g15/2012-07-08T13-10-00.csv: ['gt8__interval_count', 'gt8__slope__pool_mean', 'gt8__global_slope', 'gt8__global_std']"
/Users/ran/cs/oires/data/processed/slice/g15_epead_cpflux_5m_20130501_20130531.csv/GOES-g15/2013-05-22T03-05-00.csv,,,-1,,"Missing selected features for /Users/ran/cs/oires/data/processed/slice/g15_epead_cpflux_5m_20130501_20130531.csv/GOES-g15/2013-05-22T03-05-00.csv: ['gt8__interval_count', 'gt8__slope__pool_mean', 'gt8__global_slope', 'gt8__global_std']"
/Users/ran/cs/oires/data/processed/slice/g15_epead_cpflux_5m_20140901_20140930.csv/GOES-g15/2014-09-10T14-40-00.csv,,,-1,,"Missing selected features for /Users/ran/cs/oires/data/processed/slice/g15_epead_cpflux_5m_20140901_20140930.csv/GOES-g15/2014-09-10T14-40-00.csv: ['gt8__interval_count', 'gt8__slope__pool_mean', 'gt8__global_slope', 'gt8__global_std']"
/Users/ran/cs/oires/data/processed/slice/g15_epead_cpflux_5m_20151001_20151031.csv/GOES-g15/2015-10-28T17-50-00.csv,,,-1,,"Missing selected features for /Users/ran/cs/oires/data/processed/slice/g15_epead_cpflux_5m_20151001_20151031.csv/GOES-g15/2015-10-28T17-50-00.csv: ['gt8__interval_count', 'gt8__slope__pool_mean', 'gt8__global_slope', 'gt8__global_std']"
/Users/ran/cs/oires/data/processed/slice/g15_epead_cpflux_5m_20170901_20170930.csv/GOES-g15/2017-09-10T04-45-00.csv,,,-1,,"Missing selected features for /Users/ran/cs/oires/data/processed/slice/g15_epead_cpflux_5m_20170901_20170930.csv/GOES-g15/2017-09-10T04-45-00.csv: ['gt8__interval_count', 'gt8__slope__pool_mean', 'gt8__global_slope', 'gt8__global_std']"
